#,0p0,0p2,0p3,0p5,0p7,1p0,1p5,2p0,2p5,3p0,5p0,10p0
#Wavelength [nm],Absorbance,absorbance,absorbance,absorbance,absorbance,absorbance,absorbance,absorbance,absorbance,absorbance,absorbance,absorbance
,250,0.23363,0.21399,0.21232,0.21196,0.21348,0.21476,0.21283,0.21646,0.22762,0.21267,0.22708,0.22104
,251,0.23177,0.21224,0.21063,0.21026,0.21174,0.21305,0.21108,0.21468,0.22567,0.21086,0.22522,0.219109,
252,0.23118,0.21179,0.21014,0.20977,0.21126,0.21257,0.21059,0.21415,0.22501,0.21032,0.22463,0.21857,
253,0.23091,0.21158,0.20994,0.20956,0.21106,0.21235,0.21035,0.21388,0.22467,0.21006,0.22435,0.21824,
254,0.23029,0.21102,0.2094,0.209,0.2105,0.21179,0.20977,0.21327,0.22397,0.20945,0.22373,0.21757,
# test comment
,255,0.22975,0.21054,0.20893,0.20855,0.21003,0.21133,0.20932,0.21277,0.22335,0.20897,0.2232,0.21702,
256,0.22997,0.21081,0.2092,0.20881,0.21033,0.21162,0.20959,0.21303,0.22355,0.20926,0.22347,0.21727,
257,0.23151,0.2123,0.21072,0.21034,0.21186,0.21313,0.21112,0.21452,0.22501,0.21079,0.22501,0.21873,
258,0.23436,0.21505,0.21349,0.21309,0.21462,0.21588,0.21388,0.21726,0.22776,0.21356,0.22781,0.22144
259,0.23682,0.21741,0.21589,0.21549,0.21701,0.21827,0.21626,0.21959,0.23014,0.21596,0.23023,0.22373
260,0.23787,0.21845,0.21699,0.21657,0.2181,0.21931,0.21734,0.22063,0.23114,0.21704,0.23127,0.22473
261,0.23865,0.21924,0.21774,0.21732,0.21886,0.2201,0.21811,0.22139,0.23186,0.21784,0.23203,0.22548
262,0.23983,0.2204,0.21893,0.21851,0.22006,0.22132,0.2193,0.22257,0.23302,0.21907,0.23323,0.22666
263,0.24136,0.22183,0.22042,0.22,0.22158,0.22279,0.2208,0.22405,0.23447,0.22059,0.23473,0.22813
264,0.24455,0.22492,0.22353,0.22312,0.22468,0.2259,0.22393,0.22715,0.2376,0.22374,0.23787,0.23119
265,0.24801,0.22825,0.22691,0.2265,0.22808,0.22925,0.2273,0.23047,0.24097,0.22712,0.24126,0.23448
266,0.24975,0.22994,0.22861,0.22816,0.22975,0.23093,0.22898,0.23213,0.24265,0.22884,0.24293,0.23613
267,0.25123,0.23139,0.23004,0.22959,0.23119,0.23238,0.2304,0.23357,0.24407,0.23029,0.24436,0.23755
268,0.25399,0.23403,0.23273,0.23227,0.2339,0.23506,0.23308,0.23622,0.24677,0.23298,0.24703,0.24016
269,0.25621,0.23612,0.23488,0.23438,0.23604,0.23717,0.23521,0.23832,0.24887,0.23511,0.24915,0.24226
270,0.25725,0.23712,0.23592,0.23543,0.23705,0.23824,0.23626,0.23934,0.2499,0.23621,0.2502,0.24333
271,0.25852,0.23836,0.23716,0.23671,0.23832,0.23946,0.23751,0.24055,0.25113,0.23745,0.25142,0.24451
272,0.26049,0.24022,0.23906,0.23858,0.2402,0.24131,0.23936,0.24239,0.25295,0.2393,0.25323,0.24629
273,0.26261,0.24222,0.2411,0.2406,0.24226,0.24332,0.24139,0.24434,0.25498,0.24132,0.25524,0.24824
274,0.26436,0.24394,0.24277,0.24229,0.24393,0.24499,0.24303,0.24598,0.25661,0.24296,0.25683,0.2498
275,0.26547,0.24499,0.24384,0.24334,0.24497,0.24605,0.24408,0.247,0.25757,0.244,0.25781,0.25076
276,0.26598,0.24551,0.2444,0.24388,0.24556,0.24658,0.24462,0.24751,0.25806,0.24453,0.25832,0.25127
277,0.26614,0.24558,0.24451,0.24398,0.24563,0.24667,0.24469,0.24757,0.25813,0.2446,0.25841,0.25138
278,0.26578,0.24526,0.24421,0.24368,0.2453,0.24635,0.24438,0.24723,0.25769,0.24428,0.25803,0.25106
279,0.26448,0.24398,0.24293,0.24242,0.24404,0.24506,0.2431,0.24595,0.25639,0.243,0.25677,0.24987
280,0.2621,0.24174,0.24065,0.24015,0.24175,0.24282,0.24083,0.24366,0.25397,0.24071,0.25438,0.24759
281,0.25919,0.23893,0.23783,0.23732,0.23896,0.24003,0.23803,0.24084,0.25104,0.23789,0.25149,0.24482
282,0.25624,0.23613,0.23504,0.23452,0.23617,0.23725,0.23525,0.23808,0.24816,0.23512,0.24868,0.24211
283,0.25319,0.2332,0.23214,0.23161,0.23324,0.23435,0.23235,0.23517,0.24518,0.23225,0.24579,0.23937
284,0.2488,0.22898,0.22791,0.22743,0.22902,0.23018,0.22822,0.23105,0.24093,0.22817,0.24168,0.23548
285,0.24185,0.22233,0.22125,0.2208,0.2224,0.22361,0.22168,0.22454,0.23427,0.22167,0.2352,0.22931
286,0.23296,0.21381,0.21271,0.21229,0.2139,0.21514,0.21321,0.2161,0.22558,0.21328,0.2267,0.22118
287,0.2235,0.20478,0.20362,0.20325,0.20485,0.20615,0.20426,0.20714,0.21636,0.20432,0.2176,0.21245
288,0.2152,0.19686,0.19568,0.19534,0.1969,0.19828,0.19635,0.19925,0.20822,0.19642,0.20954,0.2047
289,0.20873,0.1907,0.1895,0.18915,0.19072,0.19211,0.19016,0.19308,0.20179,0.19023,0.20317,0.19853
290,0.20295,0.18517,0.18392,0.18361,0.18515,0.18657,0.18463,0.18752,0.19605,0.18467,0.19749,0.19298
291,0.19529,0.17783,0.17657,0.17626,0.17778,0.17928,0.17729,0.18021,0.18851,0.17733,0.19003,0.18576
292,0.18515,0.16816,0.16688,0.16658,0.16812,0.16964,0.16768,0.17059,0.17859,0.16773,0.18024,0.17629
293,0.17449,0.15792,0.1566,0.15637,0.15787,0.15947,0.15754,0.16048,0.16822,0.15759,0.17,0.16642
294,0.16497,0.14884,0.14746,0.14727,0.14877,0.15045,0.14851,0.15148,0.159,0.14862,0.1609,0.15767
295,0.15743,0.1416,0.14026,0.14009,0.14156,0.1433,0.14137,0.14436,0.15164,0.14151,0.15366,0.15074
296,0.15142,0.13592,0.13457,0.1344,0.13586,0.13767,0.13575,0.13877,0.14586,0.13595,0.14799,0.14532
297,0.14659,0.13126,0.12988,0.12974,0.13122,0.13305,0.13114,0.13416,0.14115,0.13136,0.14338,0.1409
298,0.14236,0.12721,0.12586,0.12575,0.1272,0.12907,0.12719,0.13019,0.13702,0.12742,0.13933,0.13704
299,0.13833,0.12346,0.12205,0.12197,0.12344,0.12531,0.12343,0.12648,0.13315,0.12372,0.13553,0.13342
300,0.13463,0.11986,0.11848,0.11841,0.11986,0.12178,0.11988,0.12292,0.12948,0.12019,0.13194,0.12999
301,0.1311,0.11651,0.11511,0.11505,0.11649,0.11842,0.11654,0.11958,0.126,0.11684,0.12851,0.1267
302,0.12785,0.11344,0.11204,0.11198,0.11342,0.11536,0.11348,0.11651,0.12283,0.11379,0.12538,0.12369
303,0.12504,0.11077,0.10937,0.10932,0.11073,0.11268,0.11081,0.11383,0.12002,0.1111,0.12258,0.12102
304,0.12283,0.10868,0.10725,0.10722,0.10864,0.11058,0.10871,0.1117,0.11778,0.10898,0.12036,0.11887
305,0.1212,0.10714,0.10574,0.10571,0.10712,0.10907,0.10718,0.11017,0.11613,0.10743,0.11873,0.11729
306,0.12016,0.10616,0.10475,0.10471,0.10611,0.10808,0.10617,0.10915,0.11501,0.10638,0.11759,0.1162
307,0.11969,0.1057,0.10429,0.10424,0.10565,0.1076,0.1057,0.10865,0.11444,0.10588,0.11701,0.11563
308,0.1197,0.10577,0.10439,0.10431,0.10571,0.10765,0.10575,0.10865,0.11438,0.1059,0.11693,0.11553
309,0.12016,0.10623,0.10485,0.10477,0.10617,0.10807,0.10616,0.10902,0.1147,0.10626,0.11721,0.11579
310,0.12099,0.10702,0.10568,0.10559,0.10697,0.10886,0.10693,0.10978,0.11541,0.10699,0.11788,0.11641
311,0.12212,0.10816,0.10683,0.10673,0.10811,0.10998,0.10803,0.11084,0.11642,0.10804,0.11882,0.11729
312,0.1236,0.10959,0.10828,0.10815,0.1095,0.11136,0.10941,0.11216,0.1177,0.10934,0.12005,0.11843
313,0.12533,0.11126,0.10995,0.10981,0.11114,0.11298,0.111,0.11371,0.11924,0.1109,0.12152,0.1198
314,0.12731,0.11321,0.11189,0.11174,0.11309,0.11488,0.1129,0.11555,0.12102,0.11271,0.12324,0.12142
315,0.12951,0.1153,0.11404,0.11385,0.1152,0.11695,0.11493,0.11754,0.12299,0.11467,0.12513,0.12318
316,0.13187,0.11759,0.11635,0.11615,0.11748,0.11919,0.11715,0.11971,0.12515,0.11685,0.12721,0.12512
317,0.13448,0.12016,0.11891,0.11869,0.12,0.12169,0.11963,0.12214,0.12756,0.11923,0.12953,0.12731
318,0.13724,0.1228,0.12159,0.12131,0.12263,0.12429,0.12219,0.12467,0.13004,0.12173,0.13193,0.12956
319,0.14015,0.12559,0.12438,0.1241,0.12543,0.12703,0.12491,0.12733,0.13273,0.12437,0.13452,0.13202
320,0.14315,0.12846,0.12729,0.12699,0.12828,0.12984,0.12772,0.13008,0.13548,0.1271,0.13719,0.13454
321,0.14634,0.13156,0.13042,0.13008,0.13136,0.13291,0.13074,0.13307,0.13843,0.13008,0.14005,0.13724
322,0.14956,0.13471,0.13358,0.13323,0.13452,0.13601,0.13383,0.13609,0.14147,0.1331,0.143,0.14005
323,0.15299,0.13798,0.13687,0.13649,0.13778,0.1392,0.13701,0.13923,0.14464,0.13621,0.14608,0.14298
324,0.15648,0.14132,0.14026,0.13984,0.14112,0.1425,0.14031,0.14246,0.14786,0.13942,0.14923,0.14595
325,0.16005,0.14482,0.14375,0.14335,0.14461,0.14595,0.14372,0.14585,0.15124,0.14277,0.15252,0.1491
326,0.16374,0.14834,0.14728,0.14684,0.14808,0.14941,0.14715,0.14924,0.15466,0.14615,0.15587,0.15227
327,0.16753,0.15202,0.15101,0.15053,0.15179,0.15303,0.15079,0.15279,0.15824,0.14974,0.15936,0.15562
328,0.17134,0.1557,0.15468,0.15419,0.15547,0.15665,0.15438,0.15636,0.16185,0.15327,0.16287,0.15897
329,0.17533,0.15957,0.15859,0.15805,0.15932,0.16047,0.15818,0.16009,0.16558,0.15696,0.16652,0.16246
330,0.17933,0.16338,0.16244,0.16187,0.16312,0.16422,0.16193,0.16379,0.16934,0.16067,0.1702,0.16597
331,0.18334,0.16726,0.16632,0.16574,0.16698,0.16804,0.16571,0.16753,0.17315,0.16439,0.17393,0.16952
332,0.18746,0.17125,0.17034,0.16972,0.17097,0.17197,0.1696,0.17137,0.177,0.16822,0.1777,0.17311
333,0.19161,0.17523,0.17437,0.17372,0.17496,0.17589,0.17353,0.17524,0.1809,0.17207,0.18151,0.17676
334,0.19574,0.17922,0.17835,0.1777,0.17893,0.17982,0.17742,0.1791,0.18481,0.17589,0.18534,0.18041
335,0.19998,0.18331,0.18247,0.18177,0.183,0.18384,0.18142,0.18304,0.18878,0.17983,0.18921,0.18413
336,0.20414,0.1873,0.1865,0.18577,0.18694,0.18773,0.18533,0.1869,0.19272,0.18366,0.19308,0.18782
337,0.20837,0.19141,0.1906,0.18988,0.19105,0.19176,0.18932,0.19086,0.19675,0.18759,0.19702,0.1916
338,0.21258,0.19542,0.19467,0.19388,0.19507,0.19573,0.19329,0.19476,0.20071,0.19149,0.20091,0.19532
339,0.21679,0.19952,0.19876,0.19797,0.19914,0.19976,0.19733,0.19872,0.20474,0.19546,0.20485,0.1991
340,0.22104,0.20363,0.20287,0.20207,0.20325,0.20382,0.20136,0.20272,0.20876,0.19942,0.2088,0.20288
341,0.22543,0.20783,0.20713,0.20627,0.20744,0.20795,0.20546,0.20677,0.2129,0.20348,0.21288,0.20679
342,0.22977,0.21198,0.2113,0.21042,0.21157,0.21207,0.20952,0.21083,0.21703,0.2075,0.21694,0.21071
343,0.23395,0.21603,0.21537,0.21444,0.21561,0.21602,0.2135,0.21474,0.22102,0.21139,0.22088,0.21447
344,0.23828,0.22014,0.21956,0.21857,0.21973,0.22008,0.21755,0.21871,0.2251,0.21536,0.2249,0.21831
345,0.24257,0.2243,0.22366,0.22271,0.22385,0.22416,0.2216,0.22274,0.2292,0.21935,0.22896,0.22219
346,0.24691,0.22842,0.22785,0.22689,0.22798,0.22824,0.22565,0.22676,0.23333,0.22339,0.23301,0.22608
347,0.2512,0.23258,0.23202,0.23099,0.23211,0.23232,0.22971,0.23075,0.2374,0.22737,0.23702,0.22997
348,0.25549,0.23668,0.23612,0.2351,0.23624,0.23639,0.23376,0.23476,0.24149,0.23133,0.24106,0.23384
349,0.25981,0.24082,0.24031,0.23923,0.24036,0.24046,0.23784,0.23878,0.2456,0.23533,0.24511,0.23773
350,0.26411,0.24495,0.24445,0.24333,0.2444,0.24449,0.24184,0.24275,0.24968,0.23932,0.24916,0.24162
351,0.26822,0.24898,0.24846,0.24732,0.24841,0.24844,0.24581,0.24667,0.25368,0.24322,0.25312,0.24549
352,0.2724,0.25292,0.25244,0.25133,0.25234,0.25233,0.24963,0.25053,0.25772,0.24703,0.25714,0.24933
353,0.27642,0.2568,0.25638,0.25513,0.2562,0.25618,0.25348,0.25427,0.26153,0.25083,0.26097,0.25305
354,0.2804,0.26061,0.2602,0.25903,0.2601,0.26,0.25727,0.25808,0.26547,0.25464,0.2649,0.25687
355,0.28428,0.26425,0.26393,0.26268,0.26378,0.26359,0.26091,0.26167,0.26924,0.25825,0.26865,0.26056
356,0.288,0.26778,0.26744,0.26619,0.26726,0.26704,0.26439,0.26511,0.27286,0.2617,0.27231,0.26417
357,0.29227,0.27197,0.2715,0.27031,0.27135,0.27116,0.26844,0.26918,0.2768,0.2657,0.27624,0.26833
358,0.29681,0.27602,0.27557,0.27432,0.27546,0.27528,0.27248,0.27324,0.28067,0.26963,0.28041,0.27276
359,0.30102,0.27967,0.27921,0.27799,0.27915,0.27909,0.27613,0.27706,0.28444,0.27323,0.2844,0.27712
360,0.3053,0.28366,0.28312,0.28199,0.28322,0.28325,0.28004,0.28108,0.2883,0.27696,0.28775,0.28081
361,0.30922,0.28703,0.28687,0.28562,0.28698,0.28714,0.28371,0.28487,0.2918,0.28051,0.29048,0.28332
362,0.31155,0.2896,0.28954,0.28827,0.28973,0.29003,0.28638,0.28759,0.29451,0.2833,0.29225,0.28451
363,0.31407,0.29277,0.29257,0.29131,0.29265,0.29293,0.28937,0.29038,0.29756,0.28649,0.29451,0.28607
364,0.31702,0.29575,0.29555,0.29419,0.29525,0.29526,0.29229,0.29297,0.3011,0.28981,0.2982,0.28912
365,0.31973,0.29858,0.29834,0.29691,0.29786,0.29747,0.29503,0.29555,0.3051,0.2929,0.30323,0.29369
366,0.32319,0.3021,0.30174,0.30032,0.30122,0.30046,0.29831,0.29876,0.30935,0.29614,0.30907,0.29929
367,0.32733,0.30589,0.30562,0.30414,0.30509,0.30411,0.30209,0.30225,0.3131,0.29969,0.31408,0.3043
368,0.33289,0.31097,0.31082,0.30929,0.31026,0.30927,0.30711,0.30735,0.31784,0.30447,0.31922,0.30943
369,0.33897,0.31673,0.31651,0.31511,0.31599,0.31523,0.31271,0.31308,0.32318,0.30987,0.32391,0.31424
370,0.34532,0.32265,0.32253,0.32104,0.322,0.32114,0.31856,0.3188,0.32879,0.31553,0.32877,0.31902
371,0.35199,0.32913,0.32904,0.32745,0.32839,0.32748,0.32482,0.32512,0.33504,0.32166,0.33478,0.32481
372,0.35935,0.336,0.33585,0.33431,0.33526,0.3343,0.33153,0.33186,0.34191,0.32819,0.34145,0.33122
373,0.36756,0.34405,0.34398,0.34233,0.34323,0.34218,0.33926,0.33934,0.34956,0.33577,0.34882,0.33828
374,0.37627,0.35238,0.35243,0.35066,0.35158,0.35039,0.34749,0.34743,0.35777,0.34376,0.35685,0.34593
375,0.38568,0.36148,0.36144,0.35966,0.36052,0.35924,0.35634,0.35622,0.36666,0.35228,0.36549,0.35432
376,0.3958,0.37091,0.3709,0.36903,0.36986,0.36841,0.3654,0.36512,0.37594,0.3613,0.37453,0.36292
377,0.40667,0.38141,0.38138,0.37942,0.38026,0.37885,0.37562,0.37533,0.38633,0.37145,0.3847,0.37262
378,0.41856,0.39298,0.39306,0.39107,0.39181,0.39011,0.38684,0.38652,0.39756,0.38241,0.3957,0.3832
379,0.43143,0.40525,0.40538,0.4032,0.40388,0.40195,0.39875,0.39825,0.40967,0.39411,0.40749,0.39449
380,0.44361,0.41742,0.41745,0.41526,0.41593,0.414,0.4106,0.41,0.42137,0.40586,0.41901,0.40559
381,0.46387,0.43709,0.43742,0.43488,0.43548,0.43346,0.43,0.42911,0.44045,0.4245,0.43771,0.4235
382,0.48388,0.45676,0.45723,0.45461,0.45506,0.45287,0.44927,0.44817,0.45935,0.44331,0.45612,0.44123
383,0.49976,0.47231,0.47256,0.46985,0.47027,0.46806,0.46436,0.46289,0.47473,0.45805,0.47121,0.45549
384,0.51752,0.48936,0.48995,0.48711,0.48754,0.48485,0.48091,0.47949,0.49113,0.47426,0.48712,0.47083
385,0.53607,0.50779,0.50845,0.50536,0.50574,0.50289,0.49895,0.49722,0.50886,0.49189,0.50435,0.48736
386,0.55527,0.52691,0.5272,0.5239,0.52455,0.52157,0.51729,0.51546,0.52682,0.5099,0.52203,0.50432
387,0.57563,0.5463,0.54693,0.5438,0.54393,0.54047,0.53636,0.53404,0.54556,0.52818,0.53984,0.52159
388,0.59665,0.56755,0.56795,0.5643,0.56484,0.56102,0.55647,0.554,0.56542,0.54787,0.5592,0.54005
389,0.61748,0.58874,0.58887,0.58551,0.58567,0.5821,0.57689,0.57443,0.58571,0.56783,0.57872,0.5587
390,0.64021,0.61031,0.61123,0.60738,0.6074,0.60311,0.59814,0.59526,0.60652,0.58871,0.59874,0.57805
391,0.66405,0.63484,0.63547,0.63131,0.6312,0.62741,0.622,0.61881,0.62958,0.61184,0.62136,0.59975
392,0.68795,0.65903,0.65966,0.65593,0.65539,0.65097,0.64574,0.64242,0.65257,0.63493,0.64357,0.62178
393,0.71262,0.6832,0.68489,0.68015,0.68003,0.67498,0.66998,0.66605,0.67646,0.65868,0.66682,0.64425
394,0.73698,0.70831,0.70911,0.70523,0.70487,0.69995,0.69464,0.6908,0.70042,0.68322,0.69065,0.668
395,0.76416,0.73606,0.73739,0.73232,0.7321,0.72716,0.72226,0.71803,0.72719,0.71037,0.71687,0.69421
396,0.79209,0.76493,0.76662,0.7619,0.76174,0.75639,0.75115,0.74718,0.75531,0.73916,0.74482,0.7224
397,0.81904,0.79482,0.79454,0.79126,0.7909,0.78575,0.78016,0.77618,0.78416,0.76894,0.77369,0.75244
398,0.84506,0.82085,0.82206,0.81742,0.81813,0.81222,0.80679,0.80313,0.81102,0.79578,0.8006,0.78066
399,0.87105,0.84896,0.85228,0.84788,0.84702,0.84122,0.83717,0.83389,0.83944,0.82697,0.82997,0.8107
400,0.89806,0.88284,0.88388,0.88076,0.88009,0.87613,0.87057,0.86729,0.87086,0.86035,0.86156,0.84313
401,0.92644,0.91115,0.91503,0.90983,0.90985,0.90472,0.90145,0.89762,0.90128,0.89167,0.89325,0.87711
402,0.94881,0.94054,0.94376,0.93916,0.93874,0.93535,0.93179,0.92797,0.92968,0.92332,0.92203,0.90864
403,0.97252,0.9688,0.97305,0.97006,0.96825,0.96528,0.96303,0.95813,0.95858,0.95528,0.95177,0.94206
404,0.9894,0.98675,0.99095,0.98791,0.98899,0.98431,0.98186,0.98013,0.9797,0.97653,0.97437,0.96636
405,0.99669,0.99325,0.99709,0.99532,0.99372,0.9923,0.99516,0.99014,0.99154,0.9893,0.98743,0.98314
406,0.99622,1,0.99809,1,0.99866,1,0.99827,1,0.99616,0.99678,0.99419,0.99134
407,1,0.99419,1,0.99758,1,0.99892,1,0.99677,1,1,1,1
408,0.98309,0.97946,0.98438,0.98212,0.98428,0.98734,0.98644,0.98765,0.98678,0.98837,0.98865,0.99092
409,0.96598,0.95822,0.96387,0.96511,0.96491,0.96712,0.96678,0.96879,0.96983,0.97199,0.97321,0.97606
410,0.94112,0.92834,0.93499,0.93249,0.93592,0.93433,0.93733,0.93954,0.94327,0.94242,0.94761,0.94798
411,0.9091,0.89167,0.89662,0.89592,0.89947,0.90148,0.90144,0.90415,0.91045,0.90804,0.91525,0.91504
412,0.8723,0.84904,0.85279,0.85355,0.85715,0.85715,0.85965,0.86161,0.86966,0.86493,0.87603,0.87311
413,0.8325,0.80586,0.81222,0.81086,0.81489,0.81378,0.8159,0.81805,0.82777,0.82208,0.8334,0.82996
414,0.78852,0.76101,0.76507,0.76486,0.76875,0.76834,0.77028,0.77191,0.78221,0.77579,0.788,0.78258
415,0.74502,0.71598,0.7205,0.7205,0.7243,0.72375,0.72544,0.72732,0.73678,0.73119,0.74213,0.73589
416,0.69954,0.67058,0.67495,0.67418,0.67798,0.67787,0.67891,0.6807,0.68964,0.6841,0.69464,0.68758
417,0.65342,0.62415,0.62747,0.62737,0.63064,0.63119,0.63184,0.63391,0.64259,0.63691,0.6474,0.64021
418,0.60866,0.57976,0.58344,0.58364,0.5867,0.58695,0.58773,0.58984,0.59738,0.5929,0.60193,0.5949
419,0.56509,0.5367,0.54005,0.54018,0.54373,0.54419,0.54503,0.54717,0.55397,0.54989,0.55842,0.55184
420,0.52232,0.49505,0.49774,0.49818,0.50171,0.50257,0.5032,0.50557,0.51145,0.50803,0.51601,0.50989
421,0.48152,0.45517,0.45794,0.45823,0.46177,0.46292,0.46353,0.46581,0.47118,0.46832,0.47563,0.47024
422,0.4449,0.41955,0.42228,0.42276,0.42623,0.42749,0.42823,0.43061,0.43553,0.43321,0.43995,0.43519
423,0.41053,0.38602,0.38847,0.38907,0.39254,0.39386,0.39459,0.39703,0.4017,0.39951,0.40633,0.40212
424,0.37843,0.35502,0.35731,0.35803,0.36132,0.36273,0.36348,0.36603,0.37009,0.36828,0.37485,0.37133
425,0.34824,0.32601,0.32795,0.32866,0.33203,0.33358,0.3341,0.33669,0.34059,0.33889,0.34536,0.34243
426,0.32141,0.29991,0.30173,0.3025,0.30562,0.30729,0.30786,0.31031,0.31408,0.31235,0.31894,0.31659
427,0.29596,0.27533,0.277,0.27779,0.2808,0.28247,0.28291,0.28535,0.28888,0.28713,0.29381,0.29205
428,0.27459,0.25473,0.25615,0.25689,0.25977,0.26147,0.26181,0.26432,0.26776,0.26582,0.27259,0.27125
429,0.25428,0.23518,0.23647,0.23719,0.23994,0.24164,0.24184,0.24427,0.24757,0.24554,0.25249,0.25149
430,0.23642,0.21791,0.21903,0.21971,0.22231,0.22406,0.2241,0.22651,0.22979,0.22751,0.23457,0.23394
431,0.22123,0.20355,0.20446,0.20513,0.20757,0.20924,0.20927,0.21156,0.21484,0.21243,0.21961,0.21907
432,0.20757,0.19045,0.19129,0.19187,0.19422,0.19582,0.19576,0.19794,0.20118,0.19863,0.20601,0.20555
433,0.19474,0.17797,0.17866,0.17923,0.18143,0.18306,0.18277,0.18495,0.18813,0.18527,0.19289,0.19281
434,0.18406,0.16784,0.16831,0.16886,0.17094,0.17253,0.17216,0.17427,0.17743,0.17437,0.18206,0.18215
435,0.17519,0.15937,0.1598,0.16024,0.16223,0.16375,0.16329,0.16531,0.1685,0.16526,0.17312,0.17313
436,0.16722,0.15167,0.15199,0.15237,0.15428,0.15577,0.15517,0.15711,0.16032,0.15679,0.16483,0.16492
437,0.16033,0.14518,0.14534,0.14569,0.1475,0.14893,0.14821,0.15007,0.15331,0.14963,0.15771,0.15787
438,0.15439,0.13939,0.13957,0.13984,0.14154,0.14289,0.14212,0.14389,0.14712,0.14322,0.15146,0.1516
439,0.14928,0.13461,0.13463,0.13488,0.13649,0.13781,0.13689,0.13861,0.14184,0.13779,0.14604,0.1462
440,0.14486,0.13033,0.13028,0.13046,0.132,0.13324,0.13226,0.13391,0.13719,0.13289,0.14131,0.14138
441,0.14104,0.12659,0.12652,0.12665,0.12814,0.12933,0.12823,0.12979,0.13307,0.12856,0.137,0.13716
442,0.1377,0.1235,0.12332,0.1234,0.12483,0.12597,0.12482,0.12629,0.12962,0.12498,0.13339,0.1334
443,0.13466,0.12061,0.12042,0.12045,0.1218,0.12289,0.12164,0.12307,0.12638,0.12159,0.13018,0.13003
444,0.13214,0.11814,0.1179,0.11787,0.1192,0.12022,0.11892,0.12025,0.12362,0.11868,0.12726,0.12709
445,0.12973,0.1159,0.11558,0.11551,0.1168,0.11779,0.1164,0.11772,0.12108,0.11598,0.12467,0.1244
446,0.12758,0.11384,0.11351,0.11344,0.11463,0.11558,0.11414,0.11538,0.11871,0.11358,0.12226,0.12196
447,0.12558,0.1119,0.11153,0.1114,0.11258,0.11349,0.112,0.11321,0.1166,0.11131,0.12007,0.11974
448,0.12358,0.11006,0.10965,0.10949,0.11063,0.1115,0.11,0.11114,0.11451,0.10916,0.11802,0.11762
449,0.1217,0.10822,0.10778,0.10763,0.10873,0.10957,0.10802,0.10913,0.11252,0.1071,0.11601,0.11563
450,0.11983,0.1064,0.10597,0.10576,0.10684,0.10767,0.1061,0.10719,0.11064,0.10512,0.11411,0.11373
451,0.11794,0.10463,0.10417,0.10396,0.10501,0.10585,0.10423,0.10532,0.10874,0.10321,0.11228,0.11188
452,0.11614,0.10282,0.10237,0.10219,0.10319,0.10401,0.10239,0.10347,0.10692,0.10134,0.1105,0.11013
453,0.11428,0.10111,0.10061,0.10042,0.10144,0.10223,0.1006,0.1017,0.10516,0.099513,0.10879,0.10844
454,0.11246,0.099314,0.098837,0.09863,0.099626,0.10043,0.09884,0.099876,0.10337,0.097729,0.10709,0.10681
455,0.11078,0.097693,0.097176,0.096987,0.097959,0.098788,0.09717,0.09823,0.10174,0.09604,0.10546,0.10531
456,0.109,0.09605,0.095496,0.095306,0.096297,0.097094,0.095499,0.09655,0.10009,0.094373,0.10395,0.1038
457,0.10735,0.094397,0.093876,0.093678,0.094648,0.095458,0.093837,0.09493,0.098505,0.092775,0.10247,0.10239
458,0.10578,0.092852,0.092299,0.092141,0.093088,0.093931,0.092345,0.09341,0.097021,0.091239,0.101,0.10104
459,0.10418,0.091436,0.090873,0.090691,0.091666,0.092505,0.090903,0.092027,0.095601,0.089849,0.099669,0.099712
460,0.1028,0.090116,0.089566,0.089415,0.090362,0.091193,0.089622,0.090717,0.094312,0.088558,0.098474,0.098525
461,0.10154,0.088977,0.088416,0.088256,0.089205,0.09003,0.088471,0.08956,0.09317,0.08744,0.097465,0.097517
462,0.10044,0.087926,0.087344,0.087222,0.088144,0.088986,0.087431,0.088511,0.092111,0.086403,0.09653,0.096589
463,0.099675,0.087041,0.086506,0.086364,0.087284,0.08811,0.086566,0.087647,0.091277,0.085488,0.095729,0.095916
464,0.098982,0.086403,0.085804,0.085655,0.086578,0.08743,0.085865,0.086971,0.090644,0.084784,0.095035,0.095317
465,0.098293,0.085764,0.085168,0.085021,0.085945,0.086773,0.085219,0.086313,0.089985,0.08414,0.094393,0.094637
466,0.097615,0.085219,0.084652,0.084458,0.085362,0.08618,0.084633,0.085702,0.089331,0.083575,0.093842,0.093934
467,0.09718,0.084861,0.084286,0.084123,0.084995,0.085793,0.084256,0.085294,0.088912,0.083151,0.093551,0.093575
468,0.097095,0.084716,0.084114,0.083948,0.084812,0.08559,0.084038,0.085062,0.088724,0.082909,0.093309,0.093383
469,0.097004,0.084643,0.084055,0.083866,0.084729,0.085503,0.08395,0.084948,0.088582,0.082763,0.093189,0.093209
470,0.097004,0.084694,0.084064,0.083885,0.084719,0.085514,0.083893,0.084892,0.088512,0.082692,0.093206,0.093159
471,0.097157,0.08479,0.084186,0.083999,0.084838,0.085612,0.083969,0.084984,0.08856,0.08272,0.093201,0.093195
472,0.097398,0.084955,0.084308,0.084107,0.084948,0.085691,0.084049,0.085007,0.088684,0.082727,0.093297,0.093287
473,0.097579,0.085146,0.084526,0.084305,0.085161,0.085866,0.084211,0.085175,0.088806,0.082857,0.093345,0.093342
474,0.097726,0.085335,0.084703,0.084482,0.085282,0.086,0.084336,0.085259,0.088905,0.082969,0.093459,0.093337
475,0.097977,0.085532,0.08493,0.084689,0.085474,0.086164,0.084524,0.085442,0.089072,0.083102,0.093638,0.093514
476,0.098159,0.085769,0.085128,0.084892,0.085694,0.086339,0.084709,0.085576,0.089202,0.083262,0.093729,0.093561
477,0.098468,0.086003,0.085388,0.085138,0.085917,0.086573,0.084895,0.085767,0.089434,0.083416,0.093974,0.093745
478,0.098757,0.086297,0.085667,0.085424,0.086213,0.086858,0.085182,0.08604,0.089693,0.083664,0.094246,0.093998
479,0.099014,0.086552,0.085927,0.085668,0.086443,0.087077,0.085385,0.086242,0.089902,0.083836,0.094445,0.094184
480,0.09931,0.086872,0.086259,0.085977,0.086749,0.087347,0.085676,0.086531,0.090162,0.084149,0.09468,0.094419
481,0.099528,0.087057,0.08644,0.086159,0.086944,0.087531,0.085856,0.086693,0.090407,0.08429,0.094928,0.094648
482,0.099665,0.087215,0.086606,0.08634,0.087109,0.08768,0.086017,0.086816,0.090504,0.084464,0.095087,0.09473
483,0.099879,0.087422,0.086828,0.086537,0.087293,0.087885,0.086212,0.087019,0.0907,0.084642,0.095355,0.095007
484,0.1001,0.087631,0.086989,0.086703,0.087461,0.088059,0.086382,0.087195,0.090902,0.084806,0.095483,0.095166
485,0.10097,0.088112,0.087543,0.08729,0.088101,0.088694,0.086902,0.087804,0.091732,0.085167,0.096605,0.09672
486,0.10115,0.087984,0.087304,0.087058,0.087829,0.088393,0.086787,0.087642,0.092002,0.08524,0.095304,0.095809
487,0.098759,0.087337,0.086766,0.086461,0.087174,0.087681,0.086138,0.086849,0.090145,0.084726,0.095314,0.09385
488,0.098759,0.086771,0.086255,0.085935,0.086686,0.087237,0.08561,0.086411,0.089843,0.084134,0.09523,0.094087
489,0.099867,0.087485,0.08692,0.086649,0.087416,0.087989,0.086366,0.087188,0.090894,0.08487,0.095736,0.095421
490,0.099642,0.087255,0.086656,0.086413,0.087188,0.087762,0.086139,0.086969,0.090706,0.084683,0.095609,0.095337
491,0.099346,0.086924,0.08636,0.086089,0.086857,0.08746,0.085859,0.086689,0.090466,0.084447,0.095452,0.095238
492,0.098879,0.086485,0.085904,0.085684,0.086459,0.087068,0.085493,0.086331,0.090108,0.084133,0.095203,0.095048
493,0.098381,0.086016,0.085457,0.085239,0.086029,0.086632,0.085085,0.085963,0.089724,0.083772,0.094871,0.094831
494,0.097748,0.085399,0.08484,0.084636,0.085433,0.086079,0.084552,0.085448,0.08924,0.083314,0.094447,0.094477
495,0.097013,0.08476,0.084194,0.084,0.084791,0.085462,0.083968,0.084885,0.088672,0.082782,0.094076,0.094129
496,0.096395,0.084088,0.083536,0.083378,0.084193,0.08488,0.083396,0.084335,0.088163,0.082246,0.093523,0.093784
497,0.095465,0.083239,0.082707,0.082564,0.083371,0.084064,0.082645,0.083596,0.087421,0.0816,0.092939,0.093182
498,0.094608,0.082385,0.081868,0.081739,0.082561,0.083294,0.081871,0.08288,0.086693,0.080907,0.092359,0.092718
499,0.093821,0.081609,0.081098,0.080991,0.081818,0.082566,0.0812,0.082192,0.086074,0.080262,0.091757,0.092283
500,0.09278,0.080627,0.080129,0.080011,0.080875,0.081624,0.080288,0.081334,0.085204,0.079477,0.091005,0.091564
501,0.091791,0.079692,0.079158,0.079109,0.07997,0.080761,0.079426,0.080511,0.084386,0.078671,0.090284,0.09095
502,0.090809,0.078704,0.07822,0.078177,0.079041,0.079855,0.07857,0.07965,0.083535,0.077882,0.089533,0.090286
503,0.089719,0.077691,0.077227,0.077192,0.078065,0.078907,0.077674,0.078762,0.082644,0.077039,0.088755,0.089573
504,0.08867,0.07673,0.076243,0.076236,0.077127,0.077958,0.076748,0.077865,0.081727,0.076197,0.087929,0.088837
505,0.087712,0.075745,0.075283,0.075288,0.076183,0.077058,0.075857,0.077023,0.080873,0.075368,0.087179,0.08817
506,0.086693,0.074761,0.074276,0.074302,0.075213,0.076114,0.074941,0.076111,0.079988,0.0745,0.086335,0.087416
507,0.085681,0.073794,0.073345,0.073369,0.074286,0.07519,0.07404,0.07523,0.079055,0.07365,0.085508,0.086637
508,0.084738,0.072863,0.072422,0.072475,0.073421,0.074312,0.073189,0.074383,0.078223,0.072844,0.084739,0.085942
509,0.08385,0.072014,0.071559,0.071631,0.072547,0.073491,0.072365,0.073577,0.077414,0.07207,0.083972,0.085261
510,0.083043,0.071204,0.070754,0.070837,0.071751,0.072715,0.071594,0.072825,0.076637,0.071322,0.083238,0.084579
511,0.082234,0.070414,0.07,0.070068,0.070995,0.071939,0.070838,0.072092,0.07588,0.070603,0.082515,0.083887
512,0.081466,0.069779,0.069313,0.069417,0.070343,0.071304,0.070226,0.071467,0.07519,0.070007,0.081846,0.083236
513,0.080865,0.069122,0.068709,0.068793,0.069743,0.070687,0.069599,0.07086,0.074577,0.069368,0.081208,0.082641
514,0.080316,0.068599,0.068169,0.068269,0.069198,0.070157,0.069086,0.070323,0.074024,0.068881,0.080712,0.082126
515,0.079806,0.06814,0.067718,0.067805,0.068758,0.069693,0.068633,0.069876,0.073497,0.068409,0.08019,0.081609
516,0.079531,0.067836,0.067402,0.067493,0.068426,0.069368,0.068332,0.069513,0.073164,0.068085,0.079822,0.081281
517,0.079176,0.067511,0.067083,0.067169,0.068121,0.069054,0.067982,0.069182,0.072795,0.067738,0.079445,0.08087
518,0.07898,0.067302,0.066867,0.066968,0.06789,0.068844,0.067755,0.068969,0.072515,0.067479,0.079158,0.080541
519,0.078886,0.067149,0.066736,0.066822,0.067756,0.068695,0.067602,0.068796,0.072332,0.067297,0.078885,0.080279
520,0.078764,0.06709,0.066668,0.066764,0.067692,0.06862,0.067531,0.068701,0.072158,0.067183,0.078693,0.080042
521,0.07878,0.067071,0.066679,0.06675,0.06769,0.068602,0.067499,0.068667,0.072078,0.06713,0.078562,0.079873
522,0.078807,0.06709,0.066671,0.066751,0.067678,0.068602,0.06748,0.068628,0.071993,0.067094,0.078432,0.07973
523,0.078825,0.067064,0.066639,0.066738,0.06766,0.068577,0.067449,0.068581,0.071949,0.067034,0.078346,0.079614
524,0.078903,0.067158,0.066758,0.066841,0.067759,0.068672,0.067535,0.068664,0.071917,0.067115,0.078247,0.079505
525,0.078936,0.06719,0.066789,0.066862,0.0678,0.068703,0.067553,0.068665,0.071909,0.067113,0.078217,0.079426
526,0.078997,0.067222,0.06682,0.066882,0.067826,0.068715,0.067591,0.068686,0.071881,0.067108,0.078144,0.079367
527,0.079044,0.067232,0.066884,0.066948,0.067883,0.068768,0.067633,0.068716,0.071869,0.06718,0.0781,0.079293
528,0.079013,0.067225,0.066834,0.066913,0.06786,0.068746,0.067612,0.068726,0.07184,0.06716,0.078066,0.079239
529,0.079062,0.06726,0.066889,0.066979,0.067926,0.068831,0.067686,0.068778,0.071826,0.067216,0.077972,0.079179
530,0.079054,0.067259,0.066912,0.066993,0.06795,0.068858,0.067717,0.068804,0.071803,0.067274,0.077982,0.079144
531,0.079035,0.06725,0.066903,0.066989,0.067957,0.068859,0.067724,0.068808,0.071784,0.067266,0.077918,0.079083
532,0.07912,0.067308,0.066977,0.067071,0.06802,0.068928,0.067795,0.068872,0.071787,0.067341,0.077905,0.079065
533,0.079153,0.067318,0.066988,0.067099,0.068056,0.068954,0.06783,0.068914,0.071833,0.06738,0.077881,0.07907
534,0.079145,0.067338,0.067032,0.067111,0.068102,0.068994,0.067867,0.068947,0.071792,0.067405,0.077788,0.078966
535,0.079166,0.067347,0.067061,0.067129,0.068117,0.069015,0.067886,0.06895,0.071736,0.067429,0.077703,0.07883
536,0.079135,0.067415,0.067078,0.067152,0.068144,0.069041,0.067903,0.068972,0.071692,0.067441,0.077659,0.078738
537,0.079218,0.067456,0.067139,0.067222,0.06821,0.069101,0.067952,0.068998,0.071682,0.067454,0.077636,0.078712
538,0.079328,0.067477,0.067181,0.067239,0.068218,0.069116,0.067973,0.068995,0.071695,0.067442,0.077558,0.07863
539,0.0793,0.067523,0.067207,0.067299,0.068298,0.069156,0.068012,0.069023,0.071647,0.067469,0.077444,0.078486
540,0.079296,0.067481,0.067199,0.067261,0.068247,0.069115,0.067958,0.068951,0.07152,0.067362,0.077273,0.078264
541,0.079326,0.067465,0.067196,0.067235,0.068225,0.069079,0.06792,0.068881,0.071451,0.067287,0.07713,0.078103
542,0.079236,0.067459,0.067156,0.067223,0.068188,0.069031,0.067848,0.06879,0.071291,0.067172,0.076903,0.077824
543,0.079169,0.067397,0.067108,0.06714,0.068112,0.068929,0.067731,0.068652,0.071082,0.066991,0.076638,0.077491
544,0.079132,0.067341,0.067035,0.06706,0.068014,0.068816,0.06758,0.068505,0.070916,0.066805,0.07638,0.077173
545,0.078964,0.067217,0.066916,0.066924,0.067852,0.068643,0.06738,0.068267,0.07061,0.066516,0.075979,0.076717
546,0.078832,0.067063,0.066766,0.066745,0.067666,0.068423,0.067148,0.067987,0.070307,0.066184,0.075635,0.076288
547,0.078725,0.066934,0.066603,0.066592,0.067499,0.068227,0.066909,0.067725,0.070068,0.065873,0.075273,0.075915
548,0.078502,0.066758,0.066406,0.066362,0.067251,0.067969,0.06662,0.067395,0.069679,0.0655,0.074727,0.075335
549,0.078152,0.066481,0.066169,0.066096,0.066931,0.067623,0.06626,0.066997,0.069223,0.065069,0.074242,0.074726
550,0.077912,0.066197,0.065843,0.065746,0.066586,0.067252,0.065854,0.066576,0.068796,0.06456,0.073741,0.074183
551,0.077604,0.065905,0.065569,0.065449,0.066295,0.066908,0.06548,0.066161,0.068364,0.064117,0.073252,0.073664
552,0.077302,0.065571,0.065209,0.06509,0.065902,0.066529,0.065052,0.065714,0.06791,0.063601,0.072675,0.073094
553,0.07682,0.065157,0.064766,0.06463,0.065449,0.066029,0.064534,0.06517,0.06734,0.063043,0.072084,0.072438
554,0.076386,0.06472,0.064345,0.064215,0.064985,0.065559,0.064051,0.064668,0.066825,0.062481,0.07153,0.071858
555,0.075922,0.064301,0.063917,0.063738,0.064537,0.065101,0.063572,0.06416,0.066302,0.061966,0.070975,0.071303
556,0.075412,0.063894,0.0635,0.063324,0.064094,0.064657,0.063101,0.063694,0.065768,0.061485,0.070392,0.070727
557,0.074974,0.063466,0.06305,0.062871,0.063647,0.064181,0.062617,0.063215,0.065274,0.060972,0.069897,0.070219
558,0.074581,0.063059,0.062642,0.062452,0.063206,0.063754,0.062199,0.062783,0.06486,0.06053,0.069451,0.069802
559,0.07424,0.062707,0.062284,0.062112,0.062866,0.063384,0.061838,0.062392,0.064501,0.060142,0.069134,0.069513
560,0.073982,0.062448,0.062022,0.061848,0.0626,0.063143,0.061566,0.062119,0.064245,0.059876,0.068899,0.069335
561,0.073657,0.062159,0.061738,0.061568,0.062295,0.062848,0.061283,0.061848,0.063967,0.059589,0.068565,0.069009
562,0.073442,0.062031,0.06162,0.061434,0.062182,0.062706,0.061152,0.061702,0.063778,0.059451,0.068394,0.068837
563,0.0734,0.061924,0.061541,0.061345,0.062083,0.06262,0.061064,0.061621,0.063728,0.059366,0.068352,0.068831
564,0.073393,0.061943,0.061525,0.061365,0.062115,0.062627,0.061084,0.061627,0.063758,0.05938,0.068342,0.068852
565,0.073482,0.062016,0.061625,0.061444,0.062204,0.062708,0.06118,0.061717,0.063817,0.059489,0.06843,0.068915
566,0.07368,0.062228,0.061854,0.061662,0.062404,0.062937,0.061382,0.061937,0.064031,0.059695,0.068658,0.069167
567,0.074005,0.062522,0.062133,0.061964,0.062705,0.063233,0.061689,0.062231,0.064338,0.059997,0.068919,0.069474
568,0.074329,0.06283,0.062453,0.062271,0.063032,0.063546,0.06201,0.062541,0.064644,0.060324,0.069195,0.069753
569,0.074833,0.06327,0.062912,0.062747,0.063509,0.064011,0.062464,0.063019,0.065183,0.060757,0.069669,0.070258
570,0.075205,0.063703,0.06335,0.063176,0.063935,0.064441,0.062916,0.063458,0.065573,0.061212,0.070006,0.07055
571,0.075637,0.064131,0.063799,0.063613,0.064376,0.064879,0.063351,0.063869,0.066009,0.06167,0.070407,0.070902
572,0.07595,0.064546,0.064201,0.064008,0.064775,0.065268,0.063761,0.064281,0.0663,0.062101,0.070611,0.071015
573,0.076613,0.065096,0.064766,0.064586,0.065354,0.065853,0.064329,0.064834,0.066904,0.062616,0.071363,0.071757
574,0.077186,0.065588,0.065276,0.065094,0.065865,0.066348,0.064841,0.065342,0.067455,0.063119,0.071659,0.072099
575,0.077426,0.065976,0.065674,0.065485,0.066251,0.066717,0.065195,0.065694,0.067668,0.063482,0.071904,0.072146
576,0.077967,0.066473,0.066185,0.065995,0.066757,0.067212,0.065696,0.066172,0.068128,0.06395,0.072529,0.072747
577,0.078723,0.067053,0.066747,0.066562,0.067347,0.067795,0.066249,0.066731,0.068818,0.064474,0.072959,0.073343
578,0.078908,0.067377,0.067072,0.066861,0.067645,0.068066,0.06654,0.066993,0.068989,0.064762,0.072998,0.073203
579,0.07905,0.067635,0.067341,0.067099,0.067873,0.068274,0.066731,0.067156,0.069063,0.064912,0.073296,0.073287
580,0.079707,0.068111,0.067784,0.067562,0.068318,0.068701,0.067127,0.067552,0.069577,0.065246,0.073815,0.073919
581,0.080455,0.068649,0.068333,0.068095,0.068835,0.069198,0.0676,0.068009,0.070228,0.065627,0.074174,0.074444
582,0.080374,0.068878,0.068565,0.068283,0.068986,0.069331,0.067743,0.068084,0.070157,0.065735,0.073776,0.073801
583,0.0801,0.068924,0.068619,0.068296,0.068988,0.069288,0.067649,0.067944,0.06976,0.06559,0.073917,0.073456
584,0.081262,0.069643,0.069286,0.068955,0.069605,0.069897,0.068188,0.068463,0.070554,0.065954,0.074668,0.074506
585,0.08198,0.070276,0.0699,0.069553,0.070179,0.070408,0.06868,0.068916,0.071164,0.066318,0.074817,0.074788
586,0.08204,0.070591,0.07021,0.069811,0.070402,0.070572,0.068816,0.068995,0.071089,0.06638,0.074786,0.074416
587,0.0829,0.071224,0.07082,0.070381,0.070963,0.071098,0.069252,0.069404,0.071666,0.066659,0.075464,0.07506
588,0.083514,0.071932,0.071494,0.071016,0.071554,0.071635,0.06978,0.069873,0.072081,0.06706,0.0755,0.075035
589,0.084103,0.072561,0.072112,0.071591,0.072098,0.072137,0.070213,0.070238,0.07242,0.067363,0.075974,0.075267
590,0.085106,0.073437,0.072964,0.072406,0.072863,0.072865,0.070883,0.070872,0.073115,0.067896,0.076575,0.075827
591,0.086001,0.074328,0.073838,0.073238,0.073667,0.073632,0.071574,0.071503,0.073753,0.068437,0.077061,0.076213
592,0.087234,0.075365,0.074881,0.074256,0.074671,0.074569,0.072437,0.072318,0.074676,0.069126,0.078039,0.077124
593,0.088211,0.07632,0.075792,0.075122,0.075517,0.075363,0.073223,0.073039,0.075453,0.069794,0.078299,0.077339
594,0.088784,0.07708,0.076549,0.075831,0.076187,0.076006,0.073808,0.073577,0.075827,0.070258,0.078845,0.07754
595,0.089991,0.078065,0.077536,0.076798,0.07712,0.076895,0.074638,0.074354,0.076722,0.070948,0.079504,0.078145
596,0.090735,0.078886,0.078358,0.077584,0.077884,0.077612,0.075337,0.074996,0.077249,0.071549,0.079935,0.078361
597,0.091748,0.079822,0.07925,0.078472,0.078732,0.078434,0.076086,0.07572,0.078006,0.072168,0.080726,0.079076
598,0.092723,0.080688,0.080128,0.079289,0.079557,0.079209,0.076841,0.076437,0.078728,0.07282,0.081199,0.079532
599,0.093591,0.081489,0.080901,0.080066,0.080307,0.079928,0.077498,0.077034,0.079394,0.07337,0.081784,0.079955
600,0.094171,0.082125,0.081537,0.080666,0.080908,0.080472,0.078014,0.077509,0.079785,0.073795,0.082046,0.080065
601,0.094799,0.08272,0.082137,0.081237,0.081448,0.080988,0.0785,0.077962,0.080227,0.074186,0.082373,0.080277
602,0.095377,0.083285,0.082679,0.081737,0.081946,0.081467,0.078949,0.078357,0.08061,0.074529,0.082745,0.080537
603,0.095944,0.083734,0.083146,0.082188,0.082374,0.081866,0.079301,0.078698,0.080959,0.074786,0.08292,0.080645
604,0.096063,0.083959,0.083347,0.082379,0.082568,0.082021,0.079439,0.078797,0.080959,0.074858,0.082798,0.080368
605,0.09628,0.084154,0.083526,0.082531,0.082708,0.082142,0.079526,0.078865,0.080994,0.074883,0.08297,0.080483
606,0.096288,0.084085,0.083447,0.082449,0.082608,0.082051,0.079421,0.078758,0.080903,0.074727,0.082586,0.08012
607,0.095878,0.083727,0.083115,0.082104,0.082258,0.081691,0.07904,0.07836,0.080462,0.074314,0.082262,0.079674
608,0.095327,0.083186,0.082571,0.081574,0.081724,0.081148,0.078507,0.077806,0.079875,0.073794,0.081583,0.079027
609,0.094516,0.08236,0.081729,0.080753,0.080921,0.080358,0.077721,0.077037,0.079132,0.073021,0.080948,0.078433
610,0.093415,0.081306,0.080648,0.079705,0.079872,0.079341,0.076731,0.076074,0.078202,0.072081,0.080029,0.077665
611,0.091936,0.079902,0.079273,0.078342,0.078511,0.078015,0.075449,0.074829,0.076902,0.070902,0.078764,0.076546
612,0.090261,0.078253,0.077643,0.07674,0.076935,0.076481,0.073954,0.073391,0.075502,0.069531,0.077609,0.075547
613,0.088356,0.076391,0.075802,0.074953,0.075169,0.074747,0.072295,0.071785,0.073929,0.068001,0.076197,0.074379
614,0.086203,0.074294,0.073725,0.072913,0.073173,0.072808,0.070425,0.069979,0.072168,0.066318,0.074562,0.073015
615,0.084045,0.072227,0.071645,0.070897,0.071187,0.070904,0.068569,0.068223,0.070466,0.064667,0.073029,0.071813
616,0.081918,0.070127,0.069533,0.068859,0.069165,0.06896,0.066715,0.066454,0.06869,0.063006,0.071401,0.070584
617,0.079328,0.06752,0.066994,0.066364,0.066708,0.066578,0.064379,0.064184,0.066558,0.060877,0.069817,0.069179
618,0.076786,0.065317,0.06481,0.064219,0.064582,0.064526,0.0624,0.062302,0.064689,0.05911,0.067757,0.067376
619,0.074224,0.063177,0.06269,0.062161,0.062542,0.062525,0.060507,0.060452,0.062608,0.057428,0.065907,0.065637
620,0.071673,0.060827,0.060373,0.059858,0.060254,0.060305,0.058392,0.058381,0.060561,0.055591,0.064275,0.064136
621,0.069131,0.058545,0.058068,0.057579,0.057996,0.058076,0.056348,0.056395,0.05862,0.053769,0.06279,0.062559
622,0.067043,0.056285,0.055838,0.055427,0.055867,0.055982,0.054389,0.054521,0.056863,0.05194,0.061754,0.061483
623,0.065121,0.054099,0.053688,0.053341,0.053814,0.054022,0.052432,0.052649,0.055224,0.050157,0.060396,0.060479
624,0.062819,0.051871,0.051426,0.05116,0.051691,0.051981,0.05041,0.050723,0.053359,0.048312,0.058693,0.05929
625,0.060635,0.049687,0.049273,0.049055,0.049605,0.049963,0.048496,0.048877,0.05152,0.046549,0.056812,0.057879
626,0.058293,0.047432,0.047063,0.046893,0.047459,0.047903,0.046445,0.04691,0.049591,0.044689,0.054905,0.056299
627,0.055865,0.045264,0.044911,0.044792,0.04539,0.045875,0.044453,0.044987,0.047633,0.04289,0.053026,0.054732
628,0.053569,0.043229,0.042873,0.042784,0.043407,0.043949,0.042619,0.043191,0.045768,0.041234,0.051189,0.053052
629,0.051566,0.041333,0.040978,0.040916,0.041553,0.042114,0.040882,0.04152,0.044096,0.03967,0.049858,0.051801
630,0.049778,0.039523,0.039168,0.039137,0.039796,0.040404,0.039247,0.039931,0.042603,0.038175,0.048682,0.050679
631,0.048201,0.037848,0.037499,0.037518,0.038195,0.038848,0.037751,0.038479,0.041254,0.036766,0.047663,0.049767
632,0.046738,0.036321,0.03601,0.036069,0.03676,0.037461,0.036366,0.037142,0.03999,0.035457,0.046431,0.048786
633,0.045261,0.034897,0.034611,0.034699,0.03542,0.036162,0.035062,0.035884,0.038712,0.034265,0.045186,0.047849
634,0.043805,0.033573,0.033271,0.033387,0.03411,0.034885,0.03383,0.034688,0.037485,0.033118,0.043874,0.046775
635,0.042521,0.032375,0.032074,0.03222,0.032961,0.033743,0.032736,0.033621,0.03638,0.032107,0.042835,0.045822
636,0.0414,0.03128,0.030991,0.031151,0.031885,0.032703,0.031717,0.032616,0.035429,0.031152,0.041976,0.044996
637,0.040347,0.030299,0.030001,0.03018,0.030922,0.031746,0.030791,0.031713,0.034498,0.030277,0.041112,0.044147
638,0.039468,0.02939,0.029096,0.029273,0.030003,0.030872,0.029917,0.030861,0.03369,0.029448,0.040422,0.043508
639,0.038618,0.028603,0.028305,0.028487,0.029238,0.030092,0.029169,0.030115,0.032939,0.028722,0.039678,0.04281
640,0.037858,0.027855,0.027552,0.027743,0.028505,0.02937,0.02844,0.029402,0.032217,0.027999,0.038987,0.042154
641,0.037191,0.027197,0.026902,0.027102,0.027839,0.028722,0.027803,0.028758,0.031561,0.027359,0.038324,0.04154
642,0.036529,0.026575,0.026262,0.026456,0.027216,0.02809,0.027168,0.028137,0.030899,0.026733,0.03767,0.040897
643,0.035938,0.026002,0.025694,0.025898,0.026637,0.027514,0.026584,0.02755,0.030308,0.02614,0.037055,0.040288
644,0.035401,0.0255,0.025195,0.025382,0.026128,0.026991,0.026059,0.027009,0.029725,0.025593,0.036445,0.039675
645,0.034913,0.024996,0.024686,0.024872,0.025609,0.026472,0.025533,0.026465,0.029183,0.025038,0.035861,0.039081
646,0.034411,0.02452,0.024211,0.024402,0.025139,0.025996,0.025046,0.025969,0.02863,0.024512,0.035264,0.038456
647,0.034,0.024117,0.023803,0.023977,0.024703,0.02555,0.024599,0.025492,0.028133,0.024018,0.034751,0.037914
648,0.033599,0.023711,0.023408,0.02358,0.0243,0.025144,0.024163,0.025055,0.027676,0.023556,0.034237,0.037368
649,0.033199,0.023335,0.02303,0.023195,0.023907,0.024741,0.023754,0.024626,0.027216,0.023103,0.033673,0.036767
650,0.032866,0.02301,0.0227,0.022856,0.023565,0.024378,0.023384,0.02423,0.026784,0.022693,0.03319,0.036254
651,0.032538,0.022726,0.022404,0.022556,0.023256,0.02406,0.023046,0.023881,0.026399,0.02231,0.032789,0.035805
652,0.032254,0.022431,0.022116,0.022256,0.022951,0.023742,0.022717,0.023533,0.026033,0.021943,0.032333,0.035322
653,0.032019,0.022165,0.021833,0.021966,0.02265,0.023442,0.022403,0.023206,0.025689,0.021592,0.031995,0.034958
654,0.03169,0.021936,0.021599,0.021717,0.022394,0.02317,0.022118,0.022913,0.025334,0.021295,0.031517,0.03445
655,0.033334,0.021942,0.021551,0.021686,0.022345,0.023096,0.021979,0.022776,0.026537,0.021113,0.034712,0.037746
656,0.032051,0.021917,0.021622,0.021776,0.022452,0.023167,0.022152,0.022921,0.026214,0.021163,0.032497,0.035301
657,0.028163,0.02005,0.019735,0.01975,0.020403,0.021156,0.020156,0.020873,0.022399,0.019474,0.02566,0.028372
658,0.029799,0.020438,0.020132,0.020193,0.02084,0.0216,0.020493,0.021212,0.023247,0.01954,0.030309,0.032324
659,0.030716,0.02099,0.020625,0.020725,0.021385,0.022123,0.021016,0.02175,0.024098,0.020041,0.029931,0.032842
660,0.030488,0.020757,0.020403,0.020496,0.021149,0.021886,0.020762,0.021485,0.02379,0.01976,0.029822,0.032608
661,0.030417,0.020668,0.020301,0.020402,0.021048,0.021774,0.020641,0.021372,0.023674,0.019624,0.029658,0.032482
662,0.030273,0.020535,0.020178,0.02025,0.0209,0.021626,0.020497,0.021207,0.023498,0.019445,0.029473,0.032294
663,0.030175,0.020429,0.020072,0.020149,0.02079,0.021511,0.020384,0.021075,0.02337,0.019313,0.029315,0.03213
664,0.03005,0.020307,0.019935,0.020016,0.020664,0.021379,0.020234,0.02093,0.023223,0.019158,0.029178,0.031985
665,0.029949,0.020211,0.01985,0.019928,0.020557,0.021269,0.020127,0.020816,0.023107,0.019034,0.02903,0.031855
666,0.029844,0.020082,0.01973,0.019808,0.020437,0.021138,0.020002,0.02068,0.022978,0.018896,0.028864,0.031685
667,0.029743,0.020019,0.01967,0.019744,0.02037,0.021069,0.019932,0.020599,0.022862,0.018813,0.02876,0.031589
668,0.029727,0.01996,0.019605,0.019682,0.020315,0.021012,0.01986,0.02052,0.022816,0.018722,0.02871,0.031531
669,0.029608,0.019857,0.019505,0.019581,0.02021,0.020899,0.019751,0.020411,0.022692,0.018607,0.02857,0.031389
670,0.029537,0.019781,0.019458,0.01952,0.020158,0.02083,0.019694,0.02034,0.022597,0.018545,0.028459,0.031275
671,0.029518,0.01976,0.019429,0.019498,0.020125,0.020788,0.01965,0.020285,0.02257,0.018492,0.02845,0.031265
672,0.02943,0.019683,0.019373,0.019447,0.020067,0.020731,0.019586,0.020218,0.022485,0.018432,0.02833,0.031126
673,0.029343,0.019628,0.019331,0.019395,0.020008,0.020671,0.019524,0.020153,0.022384,0.01836,0.028165,0.030963
674,0.029313,0.019575,0.019283,0.019359,0.019958,0.020632,0.019478,0.020091,0.022339,0.018294,0.028154,0.030941
675,0.029272,0.019559,0.019267,0.019327,0.019934,0.020597,0.019462,0.020072,0.022306,0.018281,0.02809,0.030887
676,0.029228,0.019505,0.019211,0.019272,0.019889,0.020547,0.019405,0.020015,0.022261,0.01824,0.028031,0.030823
677,0.029168,0.019511,0.019206,0.01926,0.01987,0.020534,0.019399,0.02002,0.022227,0.018227,0.027993,0.030789
678,0.029118,0.019506,0.019171,0.019229,0.019835,0.020505,0.019366,0.02,0.022199,0.018187,0.027914,0.030707
679,0.029065,0.019495,0.019143,0.019198,0.019809,0.020491,0.019351,0.019994,0.022174,0.01818,0.027874,0.030671
680,0.028976,0.01945,0.01908,0.019137,0.019755,0.02044,0.019302,0.019957,0.02211,0.018136,0.027745,0.030539
681,0.028954,0.019452,0.019076,0.019127,0.019744,0.020433,0.019295,0.019955,0.022085,0.018123,0.027697,0.030503
682,0.02888,0.019396,0.019031,0.019084,0.019706,0.02039,0.019248,0.019897,0.022016,0.018079,0.027577,0.030363
683,0.028884,0.019409,0.019047,0.019111,0.019724,0.020397,0.019271,0.019906,0.022009,0.018087,0.027581,0.030358
684,0.028876,0.019372,0.01906,0.019124,0.019725,0.020375,0.019262,0.019874,0.02198,0.018073,0.027558,0.030296
685,0.028832,0.019337,0.019052,0.019117,0.01972,0.020352,0.019247,0.019824,0.021942,0.018038,0.027501,0.030212
686,0.028814,0.019305,0.01907,0.019134,0.019725,0.020344,0.019242,0.0198,0.021901,0.018035,0.027439,0.030126
687,0.028818,0.019311,0.019082,0.019148,0.019735,0.020354,0.019247,0.019805,0.0219,0.018046,0.027475,0.030158
688,0.028793,0.01933,0.019074,0.01913,0.019726,0.020355,0.019241,0.019812,0.021904,0.018048,0.02747,0.030188
689,0.028834,0.019331,0.019033,0.019096,0.019699,0.020337,0.019222,0.019808,0.021947,0.018032,0.027559,0.030298
690,0.028824,0.019349,0.019013,0.01907,0.01968,0.02034,0.019206,0.019836,0.02198,0.018033,0.027566,0.030343
691,0.02885,0.019351,0.018983,0.019033,0.01964,0.020311,0.019182,0.019812,0.022007,0.018002,0.02762,0.030425
692,0.028864,0.019376,0.019015,0.019064,0.019681,0.020347,0.019217,0.019853,0.022025,0.018039,0.027606,0.03042
693,0.028913,0.019373,0.01905,0.019102,0.019711,0.020363,0.019229,0.019835,0.022052,0.018035,0.027669,0.030481
694,0.028986,0.01936,0.019106,0.01916,0.019752,0.020364,0.019264,0.019826,0.022064,0.018042,0.027714,0.030517
695,0.029043,0.019361,0.019144,0.019209,0.019804,0.020391,0.019276,0.019826,0.022083,0.01807,0.027835,0.030616
696,0.029106,0.019377,0.019163,0.019238,0.019814,0.020415,0.019306,0.01983,0.022139,0.018077,0.02793,0.030751
697,0.029148,0.019442,0.01919,0.019252,0.019839,0.020457,0.019325,0.019887,0.02224,0.018117,0.028106,0.030947
698,0.029182,0.019467,0.019144,0.019191,0.019791,0.02042,0.019286,0.019905,0.022262,0.018093,0.028051,0.030976
699,0.029244,0.019561,0.019172,0.019222,0.019846,0.020488,0.019346,0.019978,0.022359,0.018144,0.028152,0.031132
700,0.029321,0.019576,0.01923,0.019275,0.019895,0.020543,0.01939,0.020012,0.022413,0.018188,0.028201,0.031185
701,0.029416,0.019583,0.019294,0.019352,0.019969,0.020577,0.019428,0.020004,0.022454,0.018207,0.028286,0.031242
702,0.029499,0.019617,0.019389,0.019467,0.020048,0.020644,0.019503,0.020036,0.022484,0.018253,0.028403,0.031325
703,0.029542,0.019624,0.019421,0.019491,0.020078,0.020659,0.019515,0.020052,0.022519,0.018265,0.028448,0.031384
704,0.029585,0.01966,0.019405,0.019465,0.020065,0.020667,0.019516,0.020076,0.022586,0.018271,0.028518,0.031509
705,0.02963,0.019765,0.019424,0.019483,0.020094,0.020727,0.01956,0.020173,0.022673,0.01834,0.02856,0.031605
706,0.029733,0.019833,0.019445,0.019502,0.020109,0.020766,0.019597,0.020228,0.02277,0.01837,0.02866,0.03171
707,0.02975,0.019847,0.019531,0.019598,0.020197,0.020817,0.019657,0.020256,0.022776,0.018415,0.028645,0.03165
708,0.029819,0.019876,0.019646,0.019713,0.020303,0.020875,0.019746,0.020277,0.022778,0.018473,0.028603,0.031572
709,0.029859,0.019895,0.019696,0.019762,0.020348,0.020902,0.019767,0.020288,0.022791,0.018488,0.028658,0.031611
710,0.029893,0.019966,0.019707,0.019769,0.020363,0.020948,0.019796,0.020348,0.022843,0.018532,0.028724,0.031696
711,0.029904,0.020043,0.019702,0.019757,0.020359,0.020986,0.019818,0.020422,0.022899,0.018578,0.028701,0.031711
712,0.029966,0.020129,0.019763,0.019817,0.020418,0.021059,0.019892,0.020509,0.022986,0.018647,0.02868,0.031701
713,0.030047,0.020191,0.019905,0.019957,0.020548,0.021147,0.019997,0.020566,0.023025,0.018724,0.028736,0.031678
714,0.030065,0.020171,0.01997,0.020037,0.020622,0.021165,0.020039,0.020554,0.022975,0.018747,0.028703,0.031573
715,0.030063,0.020212,0.02001,0.020074,0.02065,0.021201,0.02008,0.02057,0.022989,0.018772,0.028695,0.031559
716,0.030091,0.0203,0.020018,0.020066,0.020655,0.021254,0.020107,0.020659,0.023064,0.018834,0.028681,0.031585
717,0.030176,0.02043,0.020079,0.020134,0.02073,0.021346,0.020196,0.020783,0.023163,0.018927,0.028698,0.031627
718,0.030248,0.020496,0.020202,0.020247,0.020829,0.021424,0.020294,0.020846,0.023223,0.019005,0.028745,0.031602
719,0.030285,0.02052,0.02032,0.02037,0.020947,0.021494,0.020377,0.020875,0.023214,0.019068,0.028754,0.031533
720,0.030314,0.020559,0.02036,0.020422,0.020997,0.021525,0.020411,0.020901,0.023224,0.019099,0.028775,0.031537
721,0.030341,0.020613,0.020349,0.020397,0.020971,0.021543,0.020414,0.020944,0.02329,0.019123,0.028804,0.031597
722,0.030397,0.020767,0.020441,0.020477,0.021069,0.021667,0.02053,0.021096,0.023393,0.01925,0.028802,0.031619
723,0.030525,0.020828,0.020561,0.020602,0.021175,0.021748,0.020631,0.021159,0.023474,0.019329,0.028871,0.031639
724,0.030587,0.020862,0.02067,0.020722,0.021293,0.021809,0.020706,0.021188,0.023494,0.019395,0.028975,0.031658
725,0.030613,0.020894,0.020685,0.020735,0.021315,0.021835,0.020721,0.021186,0.023527,0.019409,0.029056,0.031743
726,0.030663,0.020994,0.020716,0.020756,0.021332,0.021896,0.020775,0.021295,0.023622,0.019473,0.029076,0.031815
727,0.030816,0.021132,0.020824,0.020855,0.021439,0.02202,0.020889,0.02143,0.023768,0.019597,0.029134,0.031896
728,0.030919,0.021201,0.02098,0.021011,0.021594,0.02212,0.021012,0.021504,0.023845,0.019691,0.029294,0.031979
729,0.031023,0.021237,0.021057,0.021102,0.021674,0.022181,0.021069,0.02153,0.023899,0.019747,0.02944,0.032104
730,0.0311,0.021338,0.021101,0.021141,0.021712,0.022252,0.021115,0.021615,0.024003,0.019817,0.029541,0.032227
731,0.03127,0.021496,0.021202,0.021235,0.021808,0.022377,0.02124,0.021773,0.024201,0.019942,0.029696,0.03243
732,0.031442,0.021617,0.021386,0.021418,0.021985,0.022523,0.021404,0.021907,0.024335,0.020086,0.029784,0.032499
733,0.031588,0.021682,0.021499,0.021543,0.022112,0.02261,0.021491,0.021947,0.024427,0.020164,0.030021,0.032688
734,0.031629,0.021738,0.021525,0.021564,0.022135,0.022658,0.021519,0.022004,0.024496,0.020201,0.030144,0.032827
735,0.031786,0.021888,0.021612,0.021647,0.022221,0.02278,0.021636,0.022151,0.024677,0.020321,0.03019,0.032946
736,0.031935,0.022001,0.021749,0.02179,0.022356,0.022897,0.021756,0.022257,0.02479,0.020421,0.03032,0.033067
737,0.031996,0.022024,0.021847,0.021884,0.022454,0.022937,0.02182,0.02228,0.024825,0.020484,0.030457,0.033154
738,0.032055,0.022033,0.021817,0.02186,0.022442,0.02295,0.021807,0.022289,0.024865,0.020484,0.030495,0.033247
739,0.032128,0.022106,0.021849,0.021886,0.022452,0.023003,0.021864,0.022361,0.024979,0.020542,0.030622,0.033398
740,0.032187,0.022167,0.021942,0.021977,0.022553,0.023079,0.021943,0.022432,0.025022,0.020598,0.030585,0.03334
741,0.03224,0.022179,0.021987,0.022037,0.022609,0.023094,0.021968,0.022426,0.025035,0.02062,0.030653,0.03343
742,0.032228,0.022179,0.021945,0.021992,0.022572,0.023079,0.021947,0.022419,0.025032,0.020603,0.030721,0.033506
743,0.032251,0.022239,0.021979,0.022026,0.022587,0.023136,0.021998,0.022501,0.025092,0.02066,0.030667,0.03348
744,0.032327,0.022255,0.022055,0.022091,0.02266,0.023167,0.022041,0.022511,0.02513,0.020693,0.030716,0.033499
745,0.032281,0.022237,0.022035,0.022087,0.022655,0.02315,0.022019,0.022479,0.02509,0.020677,0.030768,0.033526
746,0.032248,0.022233,0.021992,0.022037,0.022606,0.023132,0.022,0.022492,0.02509,0.020661,0.030701,0.033511
747,0.032301,0.022274,0.022053,0.022086,0.022646,0.023173,0.022056,0.022544,0.025132,0.020704,0.030689,0.033477
748,0.032264,0.022265,0.022094,0.022133,0.022693,0.023189,0.022082,0.022538,0.025105,0.020729,0.030656,0.033415
749,0.032222,0.022247,0.022035,0.022078,0.022643,0.023145,0.022032,0.022497,0.025077,0.020694,0.030697,0.033462
750,0.032191,0.022253,0.022025,0.022066,0.022639,0.023146,0.022042,0.02253,0.025075,0.020702,0.030628,0.03337
